Filename,ConfigName,X_fs [m],Y_fs [m],Z_fs [m],Wtref_fs [m/s],Avg_c_star [-],Avg_c_star [-]_uncertainty_abs,Avg_c_star [-]_uncertainty_pct,Avg_net_concentration [ppmV],Avg_full_scale_concentration [ppmV],Percentiles 95_cstar,Percentiles 95_cstar_uncertainty_abs,Percentiles 95_cstar_uncertainty_pct,Percentiles 95_net_concentration,percentiles95_full_scale_concentration,Peak2MeanRatio_cstar,Peak2MeanRatio_cstar_uncertainty_abs,Peak2MeanRatio_cstar_uncertainty_pct,Peak2MeanRatio_net_conc,Peak2MeanRatio_full_scale_conc,Median_c_star_uncertainty_abs,Median_c_star_uncertainty_pct
_stats_UBA_GA_02_04_01_000_1_001.txt.ts#0,test,7.5,0.0,2.0,5.0,0.001909,0.0002624533141616864,15.85595687506344,57.800346,158.491106,0.005339,0.0010106251653030141,20.935816721302444,161.689998,443.361125,20.79603,3.6446642879166076,22.43130312494643,20.79603,20.79603,0.00017378304312382325,15.072633821538856
_stats_UBA_GA_02_04_01_000_1_001.txt.ts#1,test,10.0,0.0,2.0,5.0,0.001906,0.0002624533141616864,15.85595687506344,57.686287,158.255437,0.005737,0.0010106251653030141,20.935816721302444,173.634299,476.344956,13.506702,3.6446642879166076,22.43130312494643,13.506702,13.506702,0.00017378304312382325,15.072633821538856
_stats_UBA_GA_02_04_01_000_1_001.txt.ts#2,test,12.5,0.0,2.0,5.0,0.00172,0.0002624533141616864,15.85595687506344,52.028715,142.837192,0.005246,0.0010106251653030141,20.935816721302444,158.663405,435.587068,15.285579,3.6446642879166076,22.43130312494643,15.285579,15.285579,0.00017378304312382325,15.072633821538856
_stats_UBA_GA_02_04_01_000_1_001.txt.ts#3,test,15.0,0.0,2.0,5.0,0.001568,0.0002624533141616864,15.85595687506344,47.412504,130.186396,0.004756,0.0010106251653030141,20.935816721302444,143.828808,394.928608,17.180057,3.6446642879166076,22.43130312494643,17.180057,17.180057,0.00017378304312382325,15.072633821538856
_stats_UBA_GA_02_04_01_000_1_001.txt.ts#4,test,17.5,0.0,2.0,5.0,0.001445,0.0002624533141616864,15.85595687506344,43.677547,119.974429,0.00417,0.0010106251653030141,20.935816721302444,126.051516,346.241022,16.603846,3.6446642879166076,22.43130312494643,16.603846,16.603846,0.00017378304312382325,15.072633821538856
_stats_UBA_GA_02_04_01_000_1_001.txt.ts#5,test,20.0,0.0,2.0,5.0,0.001384,0.0002624533141616864,15.85595687506344,41.80732,114.905709,0.003715,0.0010106251653030141,20.935816721302444,112.248825,308.511301,14.116486,3.6446642879166076,22.43130312494643,14.116486,14.116486,0.00017378304312382325,15.072633821538856
